question,answer,category
How often should tomato crops be irrigated?,"Tomato is best irrigated lightly and frequently, especially via drip irrigation, avoiding both waterlogging and drought stress, particularly during flowering and fruit set.",Irrigation
What is the ideal soil pH for most crops?,Most crops perform best in a soil pH range of about 6.0 to 7.5 (slightly acidic to neutral); get a soil test done for your specific field before amending pH.,Soil
When should groundnut be sown?,"Groundnut is typically sown at the start of the Kharif season (June-July) or Rabi season (post-monsoon), depending on regional rainfall patterns.",Cultivation
How can I identify nitrogen deficiency in a crop?,"Nitrogen deficiency commonly shows as uniform yellowing (chlorosis) starting from older, lower leaves, along with stunted and slow overall growth.",Fertilizer
What causes yellowing of rice leaves?,"Yellowing of rice leaves can result from nitrogen deficiency, zinc deficiency, bacterial leaf blight, or waterlogging/drainage stress; the growth stage and pattern of yellowing help narrow the cause.",Crop Disease
How do I control whitefly organically?,"Yellow sticky traps, neem-based sprays, avoiding excess nitrogen, and encouraging natural predators such as ladybird beetles are common organic approaches to manage whitefly.",Pest Management
What is crop rotation and why is it important?,"Crop rotation is growing different crop types in sequence on the same land across seasons; it helps break pest/disease cycles, balances soil nutrient use, and improves long-term soil health.",Cultivation
How does weather affect fertilizer application?,"Avoid applying fertilizer immediately before heavy rain since it can wash away nutrients; dry, low-wind conditions are generally best for foliar sprays.",Weather
When is the best time to harvest rice?,Rice is generally ready for harvest when about 80-85% of the grains have turned golden yellow and the moisture content of the grain has dropped appropriately.,Harvesting
What is Integrated Pest Management (IPM)?,"IPM combines biological, cultural, mechanical and (as a last resort) chemical methods to manage pests sustainably while minimizing environmental and health risks.",Pest Management
