text,label,language
What seed rate should I use for maize in Thanjavur?,Cultivation,en
Is blackgram a Kharif or Rabi crop?,Crop Information,en
How can I reduce post-harvest losses in chilli?,Harvesting,en
What micronutrients does maize need for better yield?,Fertilizer,en
Can I intercrop cotton with pulses?,Cultivation,en
What precautions should I take for cotton during a heatwave?,Weather,en
What record-keeping practices help farm management?,General Agriculture,en
How do I know if my cotton is ready for harvesting?,Harvesting,en
Can I use urea and organic manure together for cotton?,Fertilizer,en
Is it safe to spray pesticide on groundnut before expected rain?,Weather,en
Is rice a Kharif or Rabi crop?,Crop Information,en
What temperature range does rice need to grow well?,Crop Information,en
Tell me about rice cultivation in general.,Crop Information,en
What precautions should I take for banana during a heatwave?,Weather,en
Does groundnut grow well in sandy loam in Thanjavur?,Soil,en
Will heavy rain affect my sugarcane crop this week?,Weather,en
When is the best time to harvest groundnut?,Harvesting,en
Should I irrigate rice before an expected drought in Trichy?,Weather,en
What are the signs of brown planthopper infestation in wheat?,Pest Management,en
How do I treat late blight affecting my maize field?,Crop Disease,en
What type of soil is best suited for rice?,Soil,en
"My cotton crop has yellow leaves, what disease could it be?",Crop Disease,en
When should I apply zinc sulphate to maize?,Fertilizer,en
"The leaves on my wheat plants are turning brown and spotted, is this a disease?",Crop Disease,en
Does chilli grow well in black cotton soil in Erode?,Soil,en
Should I use drip irrigation for my wheat field?,Irrigation,en
Should I harvest blackgram before or after rain?,Harvesting,en
What is the ideal soil pH for maize?,Soil,en
Is pod borer a common problem for chilli in Thanjavur?,Pest Management,en
Does tomato grow well in sandy loam in Salem?,Soil,en
When should I set pheromone traps for brown planthopper in groundnut?,Pest Management,en
How do I treat late blight affecting my tomato field?,Crop Disease,en
Should I irrigate wheat before an expected drought in Trichy?,Weather,en
What government schemes support small farmers in Trichy?,General Agriculture,en
Is it safe to spray pesticide on rice before expected rain?,Weather,en
How is blackgram propagated?,Crop Information,en
What organic methods control pod borer on groundnut?,Pest Management,en
What is the market use of tomato after harvest?,Crop Information,en
What are the signs of maturity in rice?,Harvesting,en
How does humidity increase disease risk in rice?,Weather,en
What harvesting method is recommended for groundnut?,Harvesting,en
What type of soil is best suited for cotton?,Soil,en
How do I control whitefly in my wheat field?,Pest Management,en
Will heavy rain affect my wheat crop this week?,Weather,en
How does a dry spell affect cotton in the flowering stage?,Weather,en
Will frost damage my wheat crop in Madurai?,Weather,en
How do I prepare land before sowing groundnut?,Cultivation,en
How can I fix poor drainage in clayey soil?,Soil,en
"My blackgram plants are wilting suddenly, could it be powdery mildew?",Crop Disease,en
What temperature range does tomato need to grow well?,Crop Information,en
Which cotton variety is recommended for Salem?,Cultivation,en
How is banana propagated?,Crop Information,en
Tell me about tomato cultivation in general.,Crop Information,en
What fertilizer is suitable for sugarcane during the vegetative stage?,Fertilizer,en
Is bacterial leaf blight common in rice grown in Coimbatore?,Crop Disease,en
What is the growth duration of rice?,Crop Information,en
How do I know if my chilli is ready for harvesting?,Harvesting,en
Are there resistant rice varieties against panama wilt?,Crop Disease,en
Are there subsidy programs for small-scale farmers in Coimbatore?,General Agriculture,en
What type of soil is best suited for blackgram?,Soil,en
நிலக்கடலைக்கு எந்த மண் நல்லது?,Soil,ta
"The leaves on my tomato plants are turning brown and spotted, is this a disease?",Crop Disease,en
Should I irrigate blackgram before an expected drought in Thanjavur?,Weather,en
What government schemes support small farmers in Coimbatore?,General Agriculture,en
When is the critical irrigation stage for cotton?,Irrigation,en
What is the market use of rice after harvest?,Crop Information,en
What is the ideal spacing for planting cotton?,Cultivation,en
"My banana leaves look pale, should I apply NPK complex?",Fertilizer,en
Where can I get agricultural loans in Salem?,General Agriculture,en
Is sandy loam suitable for growing sugarcane?,Soil,en
"My banana field is waterlogged, what should I do?",Irrigation,en
When is the critical irrigation stage for banana?,Irrigation,en
"My field has sandy loam, which crops should I grow?",Soil,en
"தக்காளி செடியில் இலைகள் கருகுகிறது, என்ன நோய்?",Crop Disease,ta
What are the signs of pod borer infestation in banana?,Pest Management,en
When should I set pheromone traps for thrips in banana?,Pest Management,en
Should I use drip irrigation for my sugarcane field?,Irrigation,en
How do I know if my banana is ready for harvesting?,Harvesting,en
How can I prevent thrips without using chemical pesticides?,Pest Management,en
What cultivation practices improve sugarcane yield?,Cultivation,en
When is the best time to sow maize in Thanjavur?,Cultivation,en
How often should wheat crops be irrigated?,Irrigation,en
What is the growth duration of wheat?,Crop Information,en
How do I treat rice blast affecting my groundnut field?,Crop Disease,en
Will frost damage my banana crop in Erode?,Weather,en
What are my options for farm credit or loans near Coimbatore?,General Agriculture,en
Can I use vermicompost and organic manure together for wheat?,Fertilizer,en
What season is best for growing maize?,Crop Information,en
What natural predators help control stem borer in banana fields?,Pest Management,en
How should I store wheat after harvesting?,Harvesting,en
Is zinc sulphate good for improving flowering in sugarcane?,Fertilizer,en
Can you explain why crop rotation matters for soil health?,General Agriculture,en
What natural predators help control thrips in sugarcane fields?,Pest Management,en
How does humidity increase disease risk in blackgram?,Weather,en
What micronutrients does cotton need for better yield?,Fertilizer,en
Will heavy rain affect my tomato crop this week?,Weather,en
What micronutrients does banana need for better yield?,Fertilizer,en
Will frost damage my rice crop in Madurai?,Weather,en
How can I prevent brown planthopper without using chemical pesticides?,Pest Management,en
When is the best time to sow tomato in Coimbatore?,Cultivation,en
How can I fix poor drainage in sandy loam?,Soil,en
What fertilizer is suitable for wheat during the vegetative stage?,Fertilizer,en
"My sugarcane plants are wilting suddenly, could it be panama wilt?",Crop Disease,en
"My rice leaves have holes, could it be whitefly damage?",Pest Management,en
How can I prevent fusarium wilt in my rice field next season?,Crop Disease,en
When should I set pheromone traps for stem borer in tomato?,Pest Management,en
When should I apply zinc sulphate to groundnut?,Fertilizer,en
What are the main varieties of tomato grown in Erode?,Crop Information,en
What general practices boost overall productivity on a farm?,General Agriculture,en
How long does maize take to mature after sowing?,Cultivation,en
What is the process for applying for a soil health card?,General Agriculture,en
Is panama wilt common in tomato grown in Salem?,Crop Disease,en
What micronutrients does rice need for better yield?,Fertilizer,en
Will frost damage my banana crop in Thanjavur?,Weather,en
"My tomato leaves have holes, could it be stem borer damage?",Pest Management,en
Can I intercrop rice with pulses?,Cultivation,en
Tell me about chilli cultivation in general.,Crop Information,en
What government schemes support small farmers in Salem?,General Agriculture,en
Where can I get agricultural loans in Trichy?,General Agriculture,en
How much water does maize need during flowering?,Irrigation,en
"My maize crop has yellow leaves, what disease could it be?",Crop Disease,en
"எனது வயலில் கருப்பு மண் உள்ளது, என்ன பயிர் செய்யலாம்?",Soil,ta
Is it safe to spray pesticide on cotton before expected rain?,Weather,en
What is the ideal spacing for planting chilli?,Cultivation,en
What resources are available for new farmers starting out in Thanjavur?,General Agriculture,en
Is rice blast common in chilli grown in Trichy?,Crop Disease,en
When is the critical irrigation stage for rice?,Irrigation,en
Tell me about cotton cultivation in general.,Crop Information,en
How much water does cotton need during flowering?,Irrigation,en
When is the best time to sow groundnut in Trichy?,Cultivation,en
What are the signs of brown planthopper infestation in banana?,Pest Management,en
What seed rate should I use for sugarcane in Salem?,Cultivation,en
What micronutrients does blackgram need for better yield?,Fertilizer,en
How much water does sugarcane need during flowering?,Irrigation,en
Is stem borer a common problem for maize in Salem?,Pest Management,en
What moisture content is ideal for harvesting cotton?,Harvesting,en
How much water does groundnut need during flowering?,Irrigation,en
"The leaves on my chilli plants are turning brown and spotted, is this a disease?",Crop Disease,en
"My cotton leaves look pale, should I apply MOP?",Fertilizer,en
When is the best time to sow tomato in Madurai?,Cultivation,en
How can I start organic farming on my land?,General Agriculture,en
How can I improve soil fertility for tomato cultivation?,Soil,en
When is the best time to sow maize in Salem?,Cultivation,en
Is MOP good for improving flowering in groundnut?,Fertilizer,en
What are the symptoms of leaf curl virus in cotton?,Crop Disease,en
Is alluvial soil suitable for growing chilli?,Soil,en
How does a dry spell affect rice in the flowering stage?,Weather,en
How long does groundnut take to mature after sowing?,Cultivation,en
What are the signs of maturity in chilli?,Harvesting,en
Why is record-keeping important for managing a farm well?,General Agriculture,en
When is the best time to harvest banana?,Harvesting,en
What season is best for growing chilli?,Crop Information,en
What precautions should I take for tomato during a heatwave?,Weather,en
How do I test my soil before planting cotton?,Soil,en
How often should groundnut crops be irrigated?,Irrigation,en
Is alluvial soil suitable for growing maize?,Soil,en
Is pod borer a common problem for blackgram in Coimbatore?,Pest Management,en
"My field has alluvial soil, which crops should I grow?",Soil,en
Is it safe to spray pesticide on tomato before expected rain?,Weather,en
How long does wheat take to mature after sowing?,Cultivation,en
Should I irrigate blackgram before an expected drought in Salem?,Weather,en
When should I set pheromone traps for fall armyworm in groundnut?,Pest Management,en
What are the signs of fall armyworm infestation in wheat?,Pest Management,en
How can I improve overall farm productivity?,General Agriculture,en
Can I use vermicompost and organic manure together for sugarcane?,Fertilizer,en
"My wheat leaves have holes, could it be thrips damage?",Pest Management,en
How do I schedule irrigation for maize during summer?,Irrigation,en
How can I prevent late blight in my maize field next season?,Crop Disease,en
What is the best irrigation method for cotton in Thanjavur?,Irrigation,en
What is crop rotation and why is it useful?,General Agriculture,en
What is the growth duration of blackgram?,Crop Information,en
What are the main varieties of banana grown in Madurai?,Crop Information,en
How do I register as a farmer for government benefits?,General Agriculture,en
What fertilizer is suitable for cotton during the vegetative stage?,Fertilizer,en
How do I test my soil before planting maize?,Soil,en
What season is best for growing tomato?,Crop Information,en
How do I control fall armyworm in my wheat field?,Pest Management,en
Is cotton a Kharif or Rabi crop?,Crop Information,en
What fertilizer is suitable for banana during the vegetative stage?,Fertilizer,en
"My cotton plants are wilting suddenly, could it be bacterial leaf blight?",Crop Disease,en
What is the ideal spacing for planting groundnut?,Cultivation,en
Should I use drip irrigation for my cotton field?,Irrigation,en
Can I use zinc sulphate and organic manure together for blackgram?,Fertilizer,en
Are there subsidy programs for small-scale farmers in Madurai?,General Agriculture,en
What resources are available for new farmers starting out in Trichy?,General Agriculture,en
Are there subsidy programs for small-scale farmers in Erode?,General Agriculture,en
How should I store maize after harvesting?,Harvesting,en
How do I schedule irrigation for tomato during summer?,Irrigation,en
How is sugarcane propagated?,Crop Information,en
What is the best irrigation method for wheat in Trichy?,Irrigation,en
How much urea should I apply to my chilli field?,Fertilizer,en
How does humidity increase disease risk in sugarcane?,Weather,en
Is pod borer a common problem for tomato in Erode?,Pest Management,en
What are my options for farm credit or loans near Madurai?,General Agriculture,en
What is the ideal soil pH for groundnut?,Soil,en
Is alternate wetting and drying suitable for blackgram?,Irrigation,en
Will frost damage my cotton crop in Erode?,Weather,en
Does wheat grow well in black cotton soil in Madurai?,Soil,en
What natural predators help control fall armyworm in groundnut fields?,Pest Management,en
"My rice plants are wilting suddenly, could it be fusarium wilt?",Crop Disease,en
What is the ideal soil pH for cotton?,Soil,en
How does a dry spell affect chilli in the flowering stage?,Weather,en
Can I intercrop groundnut with pulses?,Cultivation,en
How can I prevent bacterial leaf blight in my chilli field next season?,Crop Disease,en
Will heavy rain affect my blackgram crop this week?,Weather,en
Is vermicompost good for improving flowering in blackgram?,Fertilizer,en
How do I schedule irrigation for sugarcane during summer?,Irrigation,en
What harvesting method is recommended for tomato?,Harvesting,en
பருத்திக்கு யூரியா எவ்வளவு போடலாம்?,Fertilizer,ta
When should I apply urea to sugarcane?,Fertilizer,en
What organic methods control thrips on rice?,Pest Management,en
How do I treat late blight affecting my chilli field?,Crop Disease,en
What are the signs of whitefly infestation in blackgram?,Pest Management,en
Should I harvest wheat before or after rain?,Harvesting,en
What natural predators help control pod borer in groundnut fields?,Pest Management,en
How much MOP should I apply to my tomato field?,Fertilizer,en
What is the correct nutrient schedule for maize cultivation?,Fertilizer,en
Is red soil suitable for growing cotton?,Soil,en
What organic methods control thrips on sugarcane?,Pest Management,en
"My banana leaves look pale, should I apply zinc sulphate?",Fertilizer,en
Which chilli variety is recommended for Salem?,Cultivation,en
How should I store cotton after harvesting?,Harvesting,en
How long does chilli take to mature after sowing?,Cultivation,en
What are my options for farm credit or loans near Trichy?,General Agriculture,en
Does chilli grow well in red soil in Salem?,Soil,en
Should I irrigate wheat before an expected drought in Madurai?,Weather,en
"My sugarcane field is waterlogged, what should I do?",Irrigation,en
Can I use zinc sulphate and organic manure together for cotton?,Fertilizer,en
What temperature range does sugarcane need to grow well?,Crop Information,en
Should I harvest tomato before or after rain?,Harvesting,en
When should I apply DAP to cotton?,Fertilizer,en
What are the symptoms of fusarium wilt in maize?,Crop Disease,en
Where can I get agricultural loans in Thanjavur?,General Agriculture,en
Should I harvest cotton before or after rain?,Harvesting,en
How do I schedule irrigation for blackgram during summer?,Irrigation,en
Should I use drip irrigation for my groundnut field?,Irrigation,en
"My cotton field is waterlogged, what should I do?",Irrigation,en
What fertilizer is suitable for blackgram during the vegetative stage?,Fertilizer,en
What harvesting method is recommended for cotton?,Harvesting,en
What cultivation practices improve tomato yield?,Cultivation,en
What is the market use of maize after harvest?,Crop Information,en
What type of soil is best suited for banana?,Soil,en
What season is best for growing blackgram?,Crop Information,en
What precautions should I take for groundnut during a heatwave?,Weather,en
Can I use vermicompost and organic manure together for cotton?,Fertilizer,en
Where can I get agricultural loans in Erode?,General Agriculture,en
Tell me about wheat cultivation in general.,Crop Information,en
How do I test my soil before planting groundnut?,Soil,en
What cultivation practices improve groundnut yield?,Cultivation,en
Is it safe to spray pesticide on chilli before expected rain?,Weather,en
How much NPK complex should I apply to my chilli field?,Fertilizer,en
நெல் பயிருக்கு எந்த உரம் நல்லது?,Fertilizer,ta
How should I store chilli after harvesting?,Harvesting,en
What is Integrated Pest Management?,General Agriculture,en
What is the growth duration of chilli?,Crop Information,en
கரும்பு பயிருக்கு துளி நீர்ப்பாசனம் நல்லதா?,Irrigation,ta
Can I intercrop blackgram with pulses?,Cultivation,en
What fertilizer is suitable for chilli during the vegetative stage?,Fertilizer,en
Where can I get agricultural loans in Coimbatore?,General Agriculture,en
How do I get a soil health card?,General Agriculture,en
How do I control thrips in my blackgram field?,Pest Management,en
"My tomato plants are wilting suddenly, could it be fusarium wilt?",Crop Disease,en
"My blackgram crop has yellow leaves, what disease could it be?",Crop Disease,en
What natural predators help control thrips in rice fields?,Pest Management,en
How do I know if my sugarcane is ready for harvesting?,Harvesting,en
When is the critical irrigation stage for sugarcane?,Irrigation,en
Will heavy rain affect my cotton crop this week?,Weather,en
Can you explain the basics of Integrated Pest Management?,General Agriculture,en
"My wheat plants are wilting suddenly, could it be bacterial leaf blight?",Crop Disease,en
"My tomato leaves look pale, should I apply vermicompost?",Fertilizer,en
Where can I get agricultural loans in Madurai?,General Agriculture,en
Should I delay fertilizer application because of rain forecast?,Weather,en
What cultivation practices improve wheat yield?,Cultivation,en
What are my options for farm credit or loans near Salem?,General Agriculture,en
What are the symptoms of panama wilt in blackgram?,Crop Disease,en
Is zinc sulphate good for improving flowering in blackgram?,Fertilizer,en
How should I store tomato after harvesting?,Harvesting,en
Is alternate wetting and drying suitable for banana?,Irrigation,en
What cultivation practices improve rice yield?,Cultivation,en
What are my options for farm credit or loans near Thanjavur?,General Agriculture,en
How often should rice crops be irrigated?,Irrigation,en
What is the best irrigation method for rice in Trichy?,Irrigation,en
Can I intercrop banana with pulses?,Cultivation,en
What is the best irrigation method for groundnut in Erode?,Irrigation,en
What is the ideal soil pH for tomato?,Soil,en
What government schemes support small farmers in Madurai?,General Agriculture,en
When should I set pheromone traps for brown planthopper in chilli?,Pest Management,en
How can I prevent stem borer without using chemical pesticides?,Pest Management,en
How is cotton propagated?,Crop Information,en
How much MOP should I apply to my sugarcane field?,Fertilizer,en
"My field has clayey soil, which crops should I grow?",Soil,en
What are the symptoms of late blight in tomato?,Crop Disease,en
How do I schedule irrigation for groundnut during summer?,Irrigation,en
What season is best for growing sugarcane?,Crop Information,en
How does humidity increase disease risk in tomato?,Weather,en
What is the market use of chilli after harvest?,Crop Information,en
What precautions should I take for rice during a heatwave?,Weather,en
What is the growth duration of tomato?,Crop Information,en
Should I harvest sugarcane before or after rain?,Harvesting,en
How can I fix poor drainage in black cotton soil?,Soil,en
How often should chilli crops be irrigated?,Irrigation,en
What government schemes support small farmers in Thanjavur?,General Agriculture,en
"The leaves on my rice plants are turning brown and spotted, is this a disease?",Crop Disease,en
"My banana leaves have holes, could it be stem borer damage?",Pest Management,en
What is the correct nutrient schedule for chilli cultivation?,Fertilizer,en
"My sugarcane leaves have holes, could it be brown planthopper damage?",Pest Management,en
How do I test my soil before planting rice?,Soil,en
"My cotton leaves look pale, should I apply vermicompost?",Fertilizer,en
What is the market use of cotton after harvest?,Crop Information,en
How do I treat fusarium wilt affecting my groundnut field?,Crop Disease,en
What are the main varieties of blackgram grown in Trichy?,Crop Information,en
"My field has black cotton soil, which crops should I grow?",Soil,en
How can I improve soil fertility for wheat cultivation?,Soil,en
What micronutrients does chilli need for better yield?,Fertilizer,en
When is the best time to harvest wheat?,Harvesting,en
Should I harvest chilli before or after rain?,Harvesting,en
What organic methods control fall armyworm on sugarcane?,Pest Management,en
Is pod borer a common problem for banana in Madurai?,Pest Management,en
How much NPK complex should I apply to my maize field?,Fertilizer,en
Are there resistant banana varieties against powdery mildew?,Crop Disease,en
What are the signs of maturity in maize?,Harvesting,en
What resources are available for new farmers starting out in Coimbatore?,General Agriculture,en
What resources are available for new farmers starting out in Salem?,General Agriculture,en
When is the critical irrigation stage for maize?,Irrigation,en
How can I prevent rice blast in my cotton field next season?,Crop Disease,en
"My wheat field is waterlogged, what should I do?",Irrigation,en
"My chilli field is waterlogged, what should I do?",Irrigation,en
What harvesting method is recommended for blackgram?,Harvesting,en
What precautions should I take for chilli during a heatwave?,Weather,en
How do I prepare land before sowing maize?,Cultivation,en
How often should sugarcane crops be irrigated?,Irrigation,en
Tell me about sugarcane cultivation in general.,Crop Information,en
How do I control stem borer in my chilli field?,Pest Management,en
What are the signs of maturity in groundnut?,Harvesting,en
How often should tomato crops be irrigated?,Irrigation,en
How do I prepare land before sowing blackgram?,Cultivation,en
பருத்தியில் வெள்ளை ஈ தாக்குதலை எப்படி கட்டுப்படுத்துவது?,Pest Management,ta
Are there subsidy programs for small-scale farmers in Salem?,General Agriculture,en
When should I apply zinc sulphate to banana?,Fertilizer,en
When is the best time to harvest sugarcane?,Harvesting,en
What is the ideal spacing for planting banana?,Cultivation,en
What temperature range does maize need to grow well?,Crop Information,en
Are there resistant sugarcane varieties against rice blast?,Crop Disease,en
Is alternate wetting and drying suitable for tomato?,Irrigation,en
What harvesting method is recommended for wheat?,Harvesting,en
What seed rate should I use for tomato in Madurai?,Cultivation,en
What temperature range does groundnut need to grow well?,Crop Information,en
How can I reduce post-harvest losses in wheat?,Harvesting,en
When should I set pheromone traps for whitefly in wheat?,Pest Management,en
Are there resistant chilli varieties against panama wilt?,Crop Disease,en
What is the ideal soil pH for sugarcane?,Soil,en
When should I apply vermicompost to cotton?,Fertilizer,en
What is the correct nutrient schedule for groundnut cultivation?,Fertilizer,en
What are the main varieties of blackgram grown in Madurai?,Crop Information,en
தக்காளி பயிருக்கு எத்தனை முறை நீர் பாய்ச்ச வேண்டும்?,Irrigation,ta
What organic methods control pod borer on tomato?,Pest Management,en
What temperature range does blackgram need to grow well?,Crop Information,en
Are there resistant wheat varieties against leaf curl virus?,Crop Disease,en
What is the ideal spacing for planting maize?,Cultivation,en
Which maize variety is recommended for Thanjavur?,Cultivation,en
What are the signs of maturity in banana?,Harvesting,en
How can I prevent fall armyworm without using chemical pesticides?,Pest Management,en
How do I control stem borer in my groundnut field?,Pest Management,en
What is the growth duration of banana?,Crop Information,en
Is powdery mildew common in cotton grown in Madurai?,Crop Disease,en
What is the correct nutrient schedule for rice cultivation?,Fertilizer,en
Are there subsidy programs for small-scale farmers in Thanjavur?,General Agriculture,en
What are the main varieties of cotton grown in Coimbatore?,Crop Information,en
What is the ideal spacing for planting wheat?,Cultivation,en
How can I improve soil fertility for banana cultivation?,Soil,en
What is the correct nutrient schedule for sugarcane cultivation?,Fertilizer,en
How do I prepare land before sowing cotton?,Cultivation,en
Can I intercrop chilli with pulses?,Cultivation,en
How can I improve soil fertility for maize cultivation?,Soil,en
"The leaves on my sugarcane plants are turning brown and spotted, is this a disease?",Crop Disease,en
What cultivation practices improve banana yield?,Cultivation,en
Is alluvial soil suitable for growing tomato?,Soil,en
Is bacterial leaf blight common in banana grown in Coimbatore?,Crop Disease,en
How do I know if my maize is ready for harvesting?,Harvesting,en
How does humidity increase disease risk in banana?,Weather,en
What resources are available for new farmers starting out in Madurai?,General Agriculture,en
"My groundnut crop has yellow leaves, what disease could it be?",Crop Disease,en
How does a dry spell affect banana in the flowering stage?,Weather,en
Will frost damage my wheat crop in Trichy?,Weather,en
How is tomato propagated?,Crop Information,en
Should I use drip irrigation for my rice field?,Irrigation,en
How much DAP should I apply to my groundnut field?,Fertilizer,en
Is whitefly a common problem for wheat in Coimbatore?,Pest Management,en
"My chilli leaves have holes, could it be thrips damage?",Pest Management,en
"My field has red soil, which crops should I grow?",Soil,en
What is the ideal soil pH for rice?,Soil,en
Is powdery mildew common in rice grown in Trichy?,Crop Disease,en
How can I prevent rice blast in my banana field next season?,Crop Disease,en
How can I fix poor drainage in red soil?,Soil,en
What are the signs of maturity in sugarcane?,Harvesting,en
Is tomato a Kharif or Rabi crop?,Crop Information,en
What moisture content is ideal for harvesting wheat?,Harvesting,en
How can I reduce post-harvest losses in sugarcane?,Harvesting,en
Should I irrigate rice before an expected drought in Salem?,Weather,en
How does a dry spell affect tomato in the flowering stage?,Weather,en
What moisture content is ideal for harvesting maize?,Harvesting,en
Which groundnut variety is recommended for Erode?,Cultivation,en
What are the main varieties of maize grown in Coimbatore?,Crop Information,en
What government schemes support small farmers in Erode?,General Agriculture,en
When is the best time to sow groundnut in Madurai?,Cultivation,en
"My rice leaves look pale, should I apply urea?",Fertilizer,en
நெல் பயிரில் தண்டு துளைப்பான் இருந்தால் என்ன செய்வது?,Pest Management,ta
How should I store rice after harvesting?,Harvesting,en
How can I improve soil fertility for groundnut cultivation?,Soil,en
Is chilli a Kharif or Rabi crop?,Crop Information,en
How can I prevent leaf curl virus in my wheat field next season?,Crop Disease,en
What is the market use of blackgram after harvest?,Crop Information,en
What is the best irrigation method for blackgram in Coimbatore?,Irrigation,en
Which cotton variety is recommended for Coimbatore?,Cultivation,en
What are the signs of thrips infestation in blackgram?,Pest Management,en
What moisture content is ideal for harvesting sugarcane?,Harvesting,en
Are there resistant cotton varieties against fusarium wilt?,Crop Disease,en
Are there subsidy programs for small-scale farmers in Trichy?,General Agriculture,en
What harvesting method is recommended for sugarcane?,Harvesting,en
Is alternate wetting and drying suitable for maize?,Irrigation,en
How much water does chilli need during flowering?,Irrigation,en
"My groundnut field is waterlogged, what should I do?",Irrigation,en
Will heavy rain affect my banana crop this week?,Weather,en
Does maize grow well in clayey soil in Trichy?,Soil,en
Is alternate wetting and drying suitable for cotton?,Irrigation,en
Is MOP good for improving flowering in sugarcane?,Fertilizer,en
What moisture content is ideal for harvesting rice?,Harvesting,en
How do I test my soil before planting chilli?,Soil,en
What natural predators help control stem borer in rice fields?,Pest Management,en
"The leaves on my banana plants are turning brown and spotted, is this a disease?",Crop Disease,en
என் நெற்பயிரில் இலைகள் மஞ்சளாகிறது. என்ன செய்ய வேண்டும்?,Crop Disease,ta
What is the correct nutrient schedule for blackgram cultivation?,Fertilizer,en
What moisture content is ideal for harvesting banana?,Harvesting,en
Which rice variety is recommended for Madurai?,Cultivation,en
How do I prepare land before sowing tomato?,Cultivation,en
How long does banana take to mature after sowing?,Cultivation,en
What seed rate should I use for groundnut in Trichy?,Cultivation,en
When is the critical irrigation stage for wheat?,Irrigation,en
How can I reduce post-harvest losses in banana?,Harvesting,en
What season is best for growing banana?,Crop Information,en
How can I reduce post-harvest losses in blackgram?,Harvesting,en
How do I know if my tomato is ready for harvesting?,Harvesting,en
What are the symptoms of panama wilt in cotton?,Crop Disease,en
Is sandy loam suitable for growing tomato?,Soil,en
What are the first steps to convert my farm to organic methods?,General Agriculture,en
What are my options for farm credit or loans near Erode?,General Agriculture,en
Should I use drip irrigation for my tomato field?,Irrigation,en
What type of soil is best suited for chilli?,Soil,en
"My tomato crop has yellow leaves, what disease could it be?",Crop Disease,en
What type of soil is best suited for wheat?,Soil,en
Is MOP good for improving flowering in tomato?,Fertilizer,en
How long does blackgram take to mature after sowing?,Cultivation,en
What are the symptoms of late blight in groundnut?,Crop Disease,en
How does a dry spell affect groundnut in the flowering stage?,Weather,en
How do I schedule irrigation for banana during summer?,Irrigation,en
How do I treat leaf curl virus affecting my wheat field?,Crop Disease,en
What resources are available for new farmers starting out in Erode?,General Agriculture,en
"My wheat crop has yellow leaves, what disease could it be?",Crop Disease,en
How do I control stem borer in my cotton field?,Pest Management,en
How can I prevent pod borer without using chemical pesticides?,Pest Management,en
How can I prevent whitefly without using chemical pesticides?,Pest Management,en
How do I test my soil before planting sugarcane?,Soil,en
Is alternate wetting and drying suitable for sugarcane?,Irrigation,en
How is chilli propagated?,Crop Information,en
What seed rate should I use for chilli in Trichy?,Cultivation,en
When is the best time to harvest blackgram?,Harvesting,en
How can I fix poor drainage in alluvial soil?,Soil,en
What is the best irrigation method for cotton in Coimbatore?,Irrigation,en
What seed rate should I use for sugarcane in Thanjavur?,Cultivation,en
How do I prepare land before sowing sugarcane?,Cultivation,en
How much water does banana need during flowering?,Irrigation,en
Is it safe to spray pesticide on sugarcane before expected rain?,Weather,en
How can I improve soil fertility for sugarcane cultivation?,Soil,en
Is maize a Kharif or Rabi crop?,Crop Information,en
How can I reduce post-harvest losses in rice?,Harvesting,en
What organic methods control thrips on wheat?,Pest Management,en
How does humidity increase disease risk in chilli?,Weather,en
When is the best time to harvest maize?,Harvesting,en
