term_en,term_ta
rice,நெல்
wheat,கோதுமை
maize,சோளம்
cotton,பருத்தி
sugarcane,கரும்பு
groundnut,நிலக்கடலை
tomato,தக்காளி
banana,வாழை
chilli,மிளகாய்
blackgram,உளுந்து
leaves,இலைகள்
leaf,இலை
yellow,மஞ்சள்
yellowing,மஞ்சளாகிறது
crop,பயிர்
field,வயல்
water,தண்ணீர்
soil,மண்
fertilizer,உரம்
disease,நோய்
pest,பூச்சி
irrigation,நீர்ப்பாசனம்
what should i do,என்ன செய்ய வேண்டும்
what to do,என்ன செய்ய வேண்டும்
my,என்
is,ஆகிறது
turning,ஆகிறது
stage,நிலை
flower,பூ
flowering,பூக்கும்
growth,வளர்ச்சி
weather,வானிலை
rain,மழை
drought,வறட்சி
symptom,அறிகுறி
symptoms,அறிகுறிகள்
wilting,வாடுதல்
root,வேர்
stem,தண்டு
fruit,பழம்
seed,விதை
nitrogen,நைட்ரஜன்
potassium,பொட்டாசியம்
phosphorus,பாஸ்பரஸ்
harvest,அறுவடை
sowing,விதைப்பு
cultivation,பயிரிடல்
thank you,நன்றி
hello,வணக்கம்
help,உதவி
